Branch Locator - London,,,,,,,,,,,,,,,,,,,
,Jewson,TP,Selco,Laver,MKM,Howarth,Huws Gray,PGR,Fulham,Builder Depot,Champion,Lords,Lawsons,ABC,EH Smith,Alsford,Woodlark,Ealing Boards,MP Moran
,SE11 4LT,SE1 1HA,SE1 5JX,WD6 1WS,AL2 1HG,SE4 2PE,N6 5UN,RM7 0HL,SW12 9DP,N11 1QJ,KT3 4NB,W2 4UP,W3 8BL,AL9 7HF,HP3 0NW,SW14 8LW,UB2 5LB,UB8 2RP,NW6 2QT
,NW1 9QB,SW8 1JY,E16 4SP,RM13 8RS,CM2 6TE,EN3 5JD,N11 1HJ,RM3 8TS,SW2 5DZ,NW2 6LD,SW19 3SB,W10 5UP,SL5 8DG,,CM8 2PF,BR3 4BY,,,SE11 4BT
,SW11 3RP,NW1 0PT,SW19 8UG,RG2 0QN,,DA1 1BN,E3 2NQ,CM14 4JE,SW19 2PX,NW10 7SJ,KT10 0JW,KT14 7JQ,N7 9BN,,,TW1 4AT,,,NW6 7JR
,SE22 8WW,W2 6NA,EN1 1TX,,,,SE15 3SU,SS15 6PY,,NW6 1RZ,RH4 1EJ,SM1 2UD,AL4 0PG,,,KT6 4LJ,,,WD25 8FA
,W6 7PS,SE15 6TH,N17 7BF,,,,KT9 1SG,CM1 3AE,,,TN8 6EL,N9 9JS,CR5 2AG,,,DA16 1SJ,,,NW10 2JJ
,N4 1RD,SW11 3RW,N11 1JL,,,,CR2 7AW,TW20 8RJ,,,KT9 2NQ,UB3 1EF,HA8 5ED,,,DA14 5AD,,,N15 3QR
,E3 2TB,E2 9QX,RM7 7PN,,,,EN3 2NQ,,,,SM1 1PG,HA3 8DF,N9 0HP,,,KT22 7SU,,,
,N6 4JD,E8 1NH,E4 8SU,,,,DA7 4RD,,,,BR2 9QX,WD4 8HR,SW19 3TZ,,,KT11 1JQ,,,
,NW2 3DY,NW10 3NB,NW2 7BA,,,,KT19 9BA,,,,,KT2 5BQ,KT3 3SQ,,,,,,
,W3 6LJ,SW12 0NA,HA7 1QL,,,,TW19 7AT,,,,,CR4 4NE,DA14 5AE,,,,,,
,SE20 8RA,NW10 5NY,NW10 0BP,,,,UB8 2YG,,,,,NW10 6UA,SW18 1EG,,,,,,
,HA0 1AB,SW15 1HL,IG11 8BL,,,,HA4 7SN,,,,,SW15 2SU,N20 0LL,,,,,,
,CR0 4TE,SE27 9JS,E6 6LA,,,,,,,,,SM3 9RD,RM25 2BD,,,,,,
,CR0 6AA,SE23 1HF,E16 4SP,,,,,,,,,HP2 4ZB,RH1 2NL,,,,,,
,SE9 4EN,E15 2GN,W5 1UL,,,,,,,,,WD24 4XE,RH6 8PP,,,,,,
,KT3 3NE,SW19 8UH,HA4 0NU,,,,,,,,,,SG18 9LW,,,,,,
,BR4 0JE,NW2 7JP,UB2 4SD,,,,,,,,,,,,,,,,
,HA4 6RE,N22 7SN,UB3 4AZ,,,,,,,,,,,,,,,,
,RM10 8AB,SE6 2JN,TW13 6DH,,,,,,,,,,,,,,,,
,KT10 0SW,SE7 8LH,SM3 9QS,,,,,,,,,,,,,,,,
,KT17 4AH,SE12 0JE,SW19 8UG,,,,,,,,,,,,,,,,
,CR5 2HR,N11 1QJ,TW7 6DT,,,,,,,,,,,,,,,,
,BR5 4AE,TW9 2LH,KT2 5BQ,,,,,,,,,,,,,,,,
,CR8 5BP,W5 4PA,SE6 2NZ,,,,,,,,,,,,,,,,
,EN9 1AZ,N13 4EU,SE7 7RJ,,,,,,,,,,,,,,,,
,RM1 2AJ,N17 0QJ,DA14 5AH,,,,,,,,,,,,,,,,
,KT12 2ST,E17 3LX,DA1 4QN,,,,,,,,,,,,,,,,
,WD18 8RT,CR4 4GL,BR5 4HE,,,,,,,,,,,,,,,,
,KT22 7ES,CR0 2XG,CR0 3YH,,,,,,,,,,,,,,,,
,DA2 6AS,CR0 4YZ,CR4 2AP,,,,,,,,,,,,,,,,
,,E18 1AR,CR0 4RR,,,,,,,,,,,,,,,,
,,TW7 6DS,,,,,,,,,,,,,,,,,
,,SM3 9QN,,,,,,,,,,,,,,,,,
,,BR4 0PH,,,,,,,,,,,,,,,,,
,,SM6 8QF,,,,,,,,,,,,,,,,,
,,EN1 1TH,,,,,,,,,,,,,,,,,
,,HA3 7RR,,,,,,,,,,,,,,,,,
,,KT5 9BG,,,,,,,,,,,,,,,,,
,,DA15 9AB,,,,,,,,,,,,,,,,,
,,HA4 0BH,,,,,,,,,,,,,,,,,
,,WD6 1LT,,,,,,,,,,,,,,,,,
,,RM8 1RX,,,,,,,,,,,,,,,,,
,,KT19 9BA,,,,,,,,,,,,,,,,,
,,EN6 2QY,,,,,,,,,,,,,,,,,